case_id,status,design_sha256,unit_particle_fraction,unit_stiffness_ratio,unit_matrix_poissons_ratio,unit_particle_poissons_ratio,particle_fraction,stiffness_ratio,matrix_poissons_ratio,particle_poissons_ratio,particle_radius,matrix_youngs_modulus,particle_youngs_modulus,center_x,center_y,prescribed_x_displacement,mesh_size,model_dimension,model_assumption,model_interface,rve_width,rve_height,analytical_particle_fraction,meshed_particle_fraction,particle_fraction_error,cell_count,average_epsilon_xx,average_epsilon_yy,average_sigma_xx,average_sigma_yy,effective_modulus,effective_poissons_ratio,matrix_sigma_xx_min,matrix_sigma_xx_max,particle_sigma_xx_min,particle_sigma_xx_max,solver_convergence_reason,verification_solver_converged,verification_positive_material_areas,verification_total_area,verification_particle_fraction,verification_average_epsilon_xx,verification_finite_response,verification_positive_effective_modulus
M4PB_001,success,f932ea684ff886d8b607cd15c103587be270147c5c0c0c1838b6c0d8b3bb8ffa,0.1622156464130088,0.7514915088014779,0.3614417554927828,0.09254298522187009,0.09055391160325219,15.5268471584266,0.2722883510985566,0.168508597044374,0.1697769280436192,1000.0,15526.8471584266,0.5,0.5,0.01,0.02048,2,plane_stress,perfect_bonding,1.0,1.0,0.09055391160325221,0.09034194923040333,0.00021196237284888675,5756,0.010000000000000012,-0.0027472271114161715,11.361899159108262,2.06008821113102e-13,1136.1899159108248,0.27472271114161684,0.9798616576848667,16.682332055930353,16.09857464275816,16.52843674356718,4,True,True,True,True,True,True,True
M4PB_002,success,83d0d6c983b8a61de054da85c514c727a7b07011f73b37aee0b078388c3c79c3,0.7097827492744269,0.3825117681990059,0.4018160693147017,0.9944832721196478,0.2274456873186067,8.885211827582106,0.2803632138629403,0.3488966544239295,0.2690691562468276,1000.0,8885.211827582107,0.5,0.5,0.01,0.02048,2,plane_stress,perfect_bonding,1.0,1.0,0.22744568731860662,0.22722851445007727,0.00021717286852934725,5712,0.010000000000000002,-0.002900796804958917,13.700278230426155,-1.6898982213575656e-13,1370.0278230426152,0.29007968049589167,2.180309660520136,19.85631685519566,17.486898608040036,19.455107194311346,4,True,True,True,True,True,True,True
M4PB_003,success,970e3dbebac21cc4636ceb23e65a5111fee11bdc9580b552ff4b25d52189e96d,0.964539778584708,0.8996547580599088,0.2999160319449493,0.5413774358252218,0.291134944646177,18.19378564507836,0.2599832063889899,0.2582754871650443,0.3044193342980186,1000.0,18193.78564507836,0.5,0.5,0.01,0.02048,2,plane_stress,perfect_bonding,1.0,1.0,0.291134944646177,0.29091819914306927,0.00021674550310774032,5752,0.009999999999999995,-0.0026878295629475615,15.89387481362865,-4.742595205442513e-13,1589.3874813628656,0.2687829562947563,1.4531936056456207,24.175288027764356,19.93407645650892,23.596163948089256,4,True,True,True,True,True,True,True
M4PB_004,success,fc09f1a79452bae51fac54ce18859578a1b15375d2997f9cf9eff1f6a3e45bd2,0.1037839494760412,0.9616462155077695,0.2517361737609912,0.1901675535745404,0.07594598736901029,19.30963187913985,0.2503472347521983,0.1880335107149081,0.1554810554233064,1000.0,19309.63187913985,0.5,0.5,0.01,0.02048,2,plane_stress,perfect_bonding,1.0,1.0,0.07594598736901031,0.07572928744412653,0.00021669992488378143,5706,0.010000000000000054,-0.0025421004957682236,11.150928232752698,7.382983113757313e-15,1115.0928232752638,0.254210049576821,0.8527100140132816,16.424817660672513,15.772903072985375,16.616802560845485,4,True,True,True,True,True,True,True
M4PB_005,success,10a9062c6c717d3d5c4573cc70935bdac80c857f927f14633a6b2a7241223d6d,0.0966347234699086,0.1133290998393332,0.3195876893110885,0.4639268556134438,0.07415868086747715,4.039923797107997,0.2639175378622177,0.2427853711226887,0.1536406237505781,1000.0,4039.923797107997,0.5,0.5,0.01,0.02048,2,plane_stress,perfect_bonding,1.0,1.0,0.07415868086747714,0.07394708074046341,0.00021160012701372521,5754,0.010000000000000023,-0.0026506916671829,10.790686136816879,1.380354164304267e-13,1079.0686136816855,0.2650691667182894,3.4780997835605496,14.493920674783269,14.149187943658026,14.538266014339088,4,True,True,True,True,True,True,True
M4PB_006,success,f0dcadcd2572134346dad744ce19395a1e3cc152ac285ef1600397705e4f8010,0.6654293353383327,0.4772066137220839,0.7918383742795901,0.1727431695538234,0.2163573338345832,10.58971904699751,0.358367674855918,0.1845486339107647,0.262428425114191,1000.0,10589.71904699751,0.5,0.5,0.01,0.02048,2,plane_stress,perfect_bonding,1.0,1.0,0.2163573338345831,0.21614042391755037,0.00021690991703274265,5722,0.009999999999999995,-0.0034809057828809123,13.596103844960027,-1.3411494137471868e-13,1359.6103844960032,0.3480905782880914,1.7246069138879963,19.961616950618794,17.57164093857761,19.33692395398864,4,True,True,True,True,True,True,True
M4PB_007,success,7df821bcd90914c70821206596e6da389fb12b14780f2020446c6d658c4c9d00,0.9168371281797831,0.7427395677795178,0.8003473629935031,0.770413022357003,0.2792092820449458,15.36931222003132,0.3600694725987006,0.3040826044714006,0.298119229150326,1000.0,15369.31222003132,0.5,0.5,0.01,0.02048,2,plane_stress,perfect_bonding,1.0,1.0,0.2792092820449457,0.2789922812126617,0.0002170008322840422,5738,0.00999999999999998,-0.003520960633541764,15.42014863585064,-3.4554303862677175e-13,1542.0148635850674,0.3520960633541771,1.5765488310199829,23.484311422009135,19.196032070063787,22.714860033713233,4,True,True,True,True,True,True,True
M4PB_008,success,ea4a3ce65b2f003fd002ad974325b8883ad79e5897b088e9d19ce7c67817b326,0.5316916368542173,0.719439483572684,0.2262575130593057,0.1093692557370192,0.1829229092135543,14.94991070430831,0.2452515026118612,0.1718738511474038,0.2413009954645325,1000.0,14949.91070430831,0.5,0.5,0.01,0.02048,2,plane_stress,perfect_bonding,1.0,1.0,0.18292290921355425,0.18270901370964773,0.00021389550390651935,5750,0.009999999999999957,-0.002528986990604804,13.080972261168935,-9.950373858202948e-14,1308.097226116899,0.25289869906048146,1.3305416974444366,19.28867577587691,17.469478563645865,18.896092832190647,4,True,True,True,True,True,True,True
M4PB_009,success,9a4e5ec41e0d27bf05c013b1ad83a9021aa42ba5441a18f32ecf51a95e990cae,0.3300539850747883,0.5900907258456074,0.434037231689495,0.2447172534492533,0.1325134962686971,12.62163306522093,0.286807446337899,0.1989434506898506,0.2053785673216783,1000.0,12621.63306522093,0.5,0.5,0.01,0.02048,2,plane_stress,perfect_bonding,1.0,1.0,0.1325134962686971,0.1322939270240323,0.00021956924466479122,5658,0.010000000000000007,-0.0028882526600916645,12.037631224837684,2.434927259820084e-13,1203.7631224837676,0.28882526600916625,1.291227167385857,17.40969863797639,16.45019490060425,17.15216063614764,4,True,True,True,True,True,True,True
M4PB_010,success,3e8128c4713f6406109e8b620efc0f24f03e1083faef70eec89818bd850dce58,0.2007129160037338,0.9899516402583568,0.6105260315049262,0.9702587286012805,0.1001782290009335,19.81912952465042,0.3221052063009853,0.3440517457202561,0.1785713321655546,1000.0,19819.12952465042,0.5,0.5,0.01,0.02048,2,plane_stress,perfect_bonding,1.0,1.0,0.10017822900093341,0.0999604715319773,0.00021775746895610903,5676,0.010000000000000037,-0.0032362891590239,11.557103028362459,2.043330782353087e-13,1155.7103028362417,0.3236289159023888,0.6417441188848688,16.97004408012752,16.223781279848556,16.768864069151906,4,True,True,True,True,True,True,True
M4PB_011,success,020a150ee05a6c02127884579d5592823ad6fb678aa15baa6a56cebb34fc4a28,0.2852827282437124,0.2898826071541377,0.04519467869720803,0.957928038976966,0.1213206820609281,7.217886928774479,0.2090389357394416,0.3415856077953932,0.1965135427866331,1000.0,7217.886928774478,0.5,0.5,0.01,0.02048,2,plane_stress,perfect_bonding,1.0,1.0,0.12132068206092811,0.12110626799543096,0.00021441406549714548,5720,0.010000000000000028,-0.0022180217233588547,11.673811699079389,-1.341982081015655e-14,1167.3811699079356,0.22180217233588484,2.3016513001251853,16.563007765133886,15.795961612308414,16.431551921368076,4,True,True,True,True,True,True,True
M4PB_012,success,c8defff83ca5d2b6562671c3ed68c6a359c7558309413f7eb54fd56f06368d24,0.9906998804329927,0.1999506284908765,0.6695251963878481,0.8669890659960023,0.2976749701082482,5.599111312835777,0.3339050392775696,0.3233978131992005,0.3078195670436169,1000.0,5599.111312835777,0.5,0.5,0.01,0.02048,2,plane_stress,perfect_bonding,1.0,1.0,0.29767497010824817,0.2974579956531543,0.0002169744550938879,5754,0.010000000000000024,-0.0033099280544559868,14.584391369781084,1.0350401091763217e-13,1458.439136978105,0.3309928054455979,3.3510588080001535,20.972808786840737,17.65712233347034,20.413671241769094,4,True,True,True,True,True,True,True
M4PB_013,success,34cc3689eacfe5378c3bc5ea11db65a0be8c60729289cc0685fef9a68a7ea56e,0.8719612081138639,0.3295215761877074,0.278626367924569,0.0616123958088758,0.267990302028466,7.931388371378733,0.2557252735849138,0.1623224791617751,0.2920684209856326,1000.0,7931.388371378734,0.5,0.5,0.01,0.02048,2,plane_stress,perfect_bonding,1.0,1.0,0.2679903020284661,0.267772663034323,0.00021763899414306564,5730,0.009999999999999983,-0.002559678013336811,14.470476883505839,1.3480883076510933e-13,1447.0476883505864,0.2559678013336815,2.5375142577923775,21.03571157404411,18.10461804976783,20.595714057242446,4,True,True,True,True,True,True,True
M4PB_014,success,c9693f12d195d3531221bba690fccb267331a9460fb0b2c72a9fd48ba2d01100,0.8162742435007548,0.1549885555649441,0.9275361963282738,0.133848418824506,0.2540685608751887,4.789794000168994,0.3855072392656548,0.1767696837649012,0.2843809675330978,1000.0,4789.794000168994,0.5,0.5,0.01,0.02048,2,plane_stress,perfect_bonding,1.0,1.0,0.2540685608751887,0.2538527450094767,0.00021581586571201017,5746,0.010000000000000014,-0.003588264786558508,13.491679135469154,2.0368429165529296e-13,1349.1679135469135,0.35882647865585027,3.503389846044265,19.112374503874577,16.272342155185832,18.33654356103367,4,True,True,True,True,True,True,True
M4PB_015,success,81a063d72e4d9ec31c8dea00ca5f823a92fa82b37e141c76ee6b4787fce9db65,0.01056189911207114,0.7876755997526302,0.8788327957492168,0.4365901695566912,0.05264047477801779,16.17816079554734,0.3757665591498434,0.2373180339113382,0.1294449054047765,1000.0,16178.16079554734,0.5,0.5,0.01,0.02048,2,plane_stress,perfect_bonding,1.0,1.0,0.05264047477801775,0.052424266411199745,0.00021620836681800204,5688,0.009999999999999988,-0.003736737962333197,10.76196096475247,-4.415530441281841e-13,1076.1960964752484,0.37367379623332014,0.5009689264860597,15.734387374243891,15.156867584615721,16.026945174082858,4,True,True,True,True,True,True,True
M4PB_016,success,776c6ce537edd062452b4dd3809704abbf759f7ef79d79efb1b6a2dbea8b952c,0.7448828523562323,0.1362133586370385,0.741772056546148,0.3990171844929897,0.2362207130890581,4.451840455466693,0.3483544113092296,0.2298034368985979,0.2742104817428246,1000.0,4451.840455466692,0.5,0.5,0.01,0.02048,2,plane_stress,perfect_bonding,1.0,1.0,0.236220713089058,0.23600564798030454,0.00021506510875346496,5742,0.009999999999999959,-0.0033474813607674908,13.062725726276119,1.448147157745438e-14,1306.2725726276174,0.33474813607675047,3.637814503647504,18.077399170480774,16.04269581387024,17.58193238066563,4,True,True,True,True,True,True,True
M4PB_017,success,2d342a3799ccbf97da555ae087555cdbef1f47e9d36c98b154239f840a9de839,0.174461698445567,0.4512969519599991,0.1538872045588737,0.3617198531662872,0.09361542461139175,10.12334513527998,0.2307774409117747,0.2223439706332574,0.172623043517079,1000.0,10123.34513527998,0.5,0.5,0.01,0.02048,2,plane_stress,perfect_bonding,1.0,1.0,0.09361542461139176,0.09339629605929989,0.0002191285520918712,5648,0.010000000000000021,-0.0023639123020222437,11.338052997822334,8.24895707296492e-14,1133.805299782231,0.23639123020222388,1.599911814987727,16.386859048233354,15.7450632695356,16.37634281287812,4,True,True,True,True,True,True,True
M4PB_018,success,b2c7c541725a93d7bcef294926464aa0c4cac66d07506560d3f9a14c7539118c,0.3550391638420417,0.3982197639605872,0.8961957594274695,0.5103801543946033,0.1387597909605104,9.16795575129057,0.379239151885494,0.2520760308789206,0.2101633014289761,1000.0,9167.95575129057,0.5,0.5,0.01,0.02048,2,plane_stress,perfect_bonding,1.0,1.0,0.13875979096051044,0.13854379655369087,0.00021599440681957516,5688,0.010000000000000007,-0.003730588456334525,12.035161076719364,-3.246986013394347e-13,1203.5161076719355,0.3730588456334522,1.4497713947879791,17.295777743749355,16.062556377969187,16.76175557879734,4,True,True,True,True,True,True,True
M4PB_019,success,4bd2068d28027580a04466bd4ce08292c17327a0152370f1618334a0a9a6195a,0.6214752799347374,0.01747937396743796,0.9916897770145532,0.647606964700025,0.2053688199836843,2.314628731413883,0.3983379554029107,0.279521392940005,0.2556773860056966,1000.0,2314.628731413883,0.5,0.5,0.01,0.02048,2,plane_stress,perfect_bonding,1.0,1.0,0.20536881998368442,0.2051523730435927,0.00021644694009170795,5718,0.010000000000000005,-0.003804260791061383,11.627103763122681,-1.7653933870320773e-13,1162.7103763122675,0.38042607910613807,5.730732820620502,14.631260242896904,13.485461186889257,14.23021768480761,4,True,True,True,True,True,True,True
M4PB_020,success,b9faec7608e5894b1a4383d45087e2a6bd053b1252a8685d778ff83ae528b2f4,0.8436377475432658,0.2110237102569519,0.4707888348818211,0.5296378731903506,0.2609094368858165,5.798426784625134,0.2941577669763643,0.2559275746380701,0.2881840612514876,1000.0,5798.426784625134,0.5,0.5,0.01,0.02048,2,plane_stress,perfect_bonding,1.0,1.0,0.26090943688581647,0.26069276127313656,0.00021667561267990632,5720,0.010000000000000045,-0.002933679465610321,13.892549723951852,3.902780876252634e-14,1389.2549723951788,0.29336794656103077,3.1453236118772963,19.702396573985922,17.266058634482125,19.276487513465923,4,True,True,True,True,True,True,True
M4PB_021,success,1972049c07b91dc0a7992c30426f3e131382e2fd199c0a8ff50c78548126c8f2,0.2785570376429022,0.8238854266919505,0.7289457635831157,0.04991767284661135,0.1196392594107256,16.82993768045511,0.3457891527166231,0.1599835345693223,0.1951470190552268,1000.0,16829.93768045511,0.5,0.5,0.01,0.02048,2,plane_stress,perfect_bonding,1.0,1.0,0.11963925941072553,0.11942071406100445,0.00021854534972108597,5666,0.010000000000000028,-0.0034274667621561053,11.8741339118461,1.9654416982817232e-15,1187.4133911846066,0.34274667621560956,0.7740866114369731,17.37390311133992,16.341961047174976,16.952654208428644,4,True,True,True,True,True,True,True
M4PB_022,success,2694f3b6f7aebdafe0e23986f3ff7310cd695bb36c48ac4612ed80c771304041,0.1985731278886091,0.2346575424393577,0.5880924628236088,0.4084823808815857,0.09964328197215228,6.223835763908439,0.3176184925647218,0.2316964761763171,0.1780939127076924,1000.0,6223.835763908439,0.5,0.5,0.01,0.02048,2,plane_stress,perfect_bonding,1.0,1.0,0.0996432819721523,0.09942668731783323,0.00021659465431907166,5698,0.010000000000000033,-0.0031591319062539373,11.27334385555947,1.4237482720558268e-13,1127.334385555943,0.3159131906253927,2.247166690288127,15.677777445027136,15.02284338733363,15.520264155162753,4,True,True,True,True,True,True,True
M4PB_023,success,7cc973ed512d5b34ddaf053803db24a9e1ee681f35258526631161db4d017558,0.933962715422455,0.01253697862928181,0.1452952294303639,0.2779745535310287,0.2834906788556137,2.225665615327073,0.2290590458860728,0.2055949107062057,0.3003962145578669,1000.0,2225.665615327073,0.5,0.5,0.01,0.02048,2,plane_stress,perfect_bonding,1.0,1.0,0.2834906788556139,0.28327506222478116,0.00021561663083274896,5756,0.00999999999999998,-0.002272228994824945,12.250042237802443,-1.0415973639155149e-13,1225.0042237802468,0.22722289948249497,6.360572565421437,15.314721438145806,14.035544220079169,15.084127718710214,4,True,True,True,True,True,True,True
M4PB_024,success,08da6f338827eb9274de71e54865992431c97a05668140faf910eea919fdf061,0.6153643270751755,0.513839254838535,0.3420222139197778,0.9271562392930879,0.2038410817687939,11.24910658709363,0.2684044427839556,0.3354312478586176,0.2547246190249493,1000.0,11249.10658709363,0.5,0.5,0.01,0.02048,2,plane_stress,perfect_bonding,1.0,1.0,0.20384108176879392,0.20362624497702878,0.00021483679176514947,5740,0.00999999999999997,-0.0027852947006121913,13.376299041944167,1.3118672814726986e-13,1337.6299041944205,0.27852947006122,1.7250928153788974,19.498930969799805,17.476928211858965,19.16369332493641,4,True,True,True,True,True,True,True
M4PB_025,success,ba54139e4487e82657635969be8843900fe7f4caccbdd70bcbf0ecfc565c32aa,0.4933209383883896,0.9427206351578554,0.1005469517415829,0.2884357095203964,0.1733302345970974,18.9689714328414,0.2201093903483166,0.2076871419040793,0.2348887550454721,1000.0,18968.9714328414,0.5,0.5,0.01,0.02048,2,plane_stress,perfect_bonding,1.0,1.0,0.17333023459709734,0.17311630236523923,0.00021393223185811605,5740,0.010000000000000004,-0.0023258879436449803,12.974248530730447,4.462263891724661e-13,1297.4248530730442,0.23258879436449795,1.1135286466348753,19.20257170065129,17.883436954359063,18.92059926974896,4,True,True,True,True,True,True,True
M4PB_026,success,04e3f6a2a3ee03e31a13547ad9d001c002f34e642b86de8ad0ec46c59b090927,0.4658617716155083,0.6257839084072057,0.9071233852358886,0.8205127718851365,0.1664654429038771,13.2641103513297,0.3814246770471778,0.3141025543770273,0.2301903477217657,1000.0,13264.1103513297,0.5,0.5,0.01,0.02048,2,plane_stress,perfect_bonding,1.0,1.0,0.16646544290387702,0.16624824990601933,0.0002171929978576903,5692,0.010000000000000014,-0.0037648434493504804,12.689228551051809,3.0347252488738314e-13,1268.922855105179,0.3764843449350475,1.1176066533398779,18.587163517587285,16.65470021022721,18.062228002799422,4,True,True,True,True,True,True,True
M4PB_027,success,8dab7a0ffc3f116157c8e05e1576a00111a9e2930f2339dbd52dcdea597caeb1,0.1292255464639373,0.4495633246170788,0.9577273011438557,0.2306750757286253,0.08230638661598433,10.09213984310742,0.3915454602287712,0.196135015145725,0.1618608555393584,1000.0,10092.13984310742,0.5,0.5,0.01,0.02048,2,plane_stress,perfect_bonding,1.0,1.0,0.08230638661598433,0.08208993586252883,0.00021645075345549936,5694,0.010000000000000033,-0.0038634531889263977,11.156246826815446,3.3462121962202243e-13,1115.624682681541,0.3863453188926385,0.9621878335284251,16.114266626869217,15.258207395875413,15.777019338495919,4,True,True,True,True,True,True,True
M4PB_028,success,98d24788def034eda1ab7647e6348f4e8d06239e1f5517bd89919b88f0d46170,0.2595318773689153,0.6079267577157269,0.7797884713093134,0.6922580836250957,0.1148829693422288,12.94268163888308,0.3559576942618627,0.2884516167250191,0.1912286194474581,1000.0,12942.68163888308,0.5,0.5,0.01,0.02048,2,plane_stress,perfect_bonding,1.0,1.0,0.11488296934222873,0.11466594230447621,0.00021702703775251797,5700,0.00999999999999999,-0.003539693219259938,11.73366068575123,2.0740353878778646e-14,1173.3660685751242,0.3539693219259942,0.9788034426869784,16.996653246890027,15.969914165207475,16.81292184092234,4,True,True,True,True,True,True,True
M4PB_029,success,a46322ff899239f44d359d1973ce59370c6a15c3b0d3b17aa9a38aa78c497ea8,0.2435416948161793,0.8389752963085847,0.4218801222121176,0.4911565668265391,0.1108854237040448,17.10155533355452,0.2843760244424235,0.2482313133653078,0.1878721017039942,1000.0,17101.55533355452,0.5,0.5,0.01,0.02048,2,plane_stress,perfect_bonding,1.0,1.0,0.11088542370404493,0.11066866720815771,0.00021675649588721868,5684,0.009999999999999983,-0.002877418057555847,11.724977030454118,3.4679203952947455e-13,1172.4977030454138,0.28774180575558517,0.8890661102073429,17.25961699792054,16.342062308462815,17.030989985706572,4,True,True,True,True,True,True,True
M4PB_030,success,841acd4b2710f6d7b3ee39f2340f5e3f96fb939e85cb7c4082f2716655d7a8b6,0.4695250034160516,0.3135835983687568,0.8440375990327413,0.0705120329188844,0.1673812508540129,7.644504770637623,0.3688075198065483,0.1641024065837769,0.2308226741649125,1000.0,7644.504770637623,0.5,0.5,0.01,0.02048,2,plane_stress,perfect_bonding,1.0,1.0,0.16738125085401293,0.1671628629710749,0.0002183878829380148,5668,0.010000000000000014,-0.003576269484728141,12.436531166461839,-5.868222574534353e-14,1243.653116646182,0.35762694847281357,1.9777815502972003,17.728580221567526,15.99569343086241,17.20925525930746,4,True,True,True,True,True,True,True
M4PB_031,success,047e2eadf68a4ca9fc94b96a3c6298adfe0cac1b42414246f3b2da9e53e23a30,0.8330579799598202,0.4053827994705556,0.7528675237120982,0.6806041736363941,0.2582644949899551,9.29689039047,0.3505735047424197,0.2861208347272788,0.2867196226378076,1000.0,9296.89039047,0.5,0.5,0.01,0.02048,2,plane_stress,perfect_bonding,1.0,1.0,0.2582644949899551,0.2580451149321605,0.00021938005779459369,5692,0.010000000000000012,-0.003437843820733224,14.422908006993568,6.3726801613484e-14,1442.290800699355,0.34378438207332196,2.1678833638298642,21.245050255625,18.107538546235098,20.61102007915001,4,True,True,True,True,True,True,True
M4PB_032,success,bf95f411e56fa2e6a00576c71316dcce0d0c73e7ab899c186538b67492bb6401,0.7575501295497936,0.6970513626736615,0.2353316234900644,0.6637674004910765,0.2393875323874484,14.54692452812591,0.2470663246980129,0.2827534800982153,0.2760424209937075,1000.0,14546.92452812591,0.5,0.5,0.01,0.02048,2,plane_stress,perfect_bonding,1.0,1.0,0.23938753238744856,0.2391695840754053,0.00021794831204324794,5706,0.01000000000000001,-0.002593775587599115,14.34812312025848,3.647082635893638e-13,1434.8123120258465,0.25937755875991125,1.5438828875118984,21.337914116294282,18.538408645635506,20.8912087192179,4,True,True,True,True,True,True,True
M4PB_033,success,89f9257202a3d71448e2ca597c4784c6ea672f0c16b90df95fbcd030a4c8fc42,0.7175260277993066,0.6620099969813583,0.5752385405261652,0.4756804448969791,0.2293815069498267,13.91617994566445,0.3150477081052331,0.2451360889793958,0.2702117713384554,1000.0,13916.17994566445,0.5,0.5,0.01,0.02048,2,plane_stress,perfect_bonding,1.0,1.0,0.22938150694982665,0.22916248569495354,0.00021902125487310853,5684,0.009999999999999993,-0.0031439905186618285,14.062182377344325,2.8829716391953783e-13,1406.2182377344334,0.31439905186618305,1.4965870808940225,20.863986797942225,18.127992113297864,20.319371717119427,4,True,True,True,True,True,True,True
M4PB_034,success,662799139f573ef0658d0c5ed2d6218effa96671cb15c72191b294be7a903ea0,0.5435620306240222,0.3397199244190759,0.5527599819457485,0.7370277636533317,0.1858905076560056,8.114958639543367,0.3105519963891497,0.2974055527306663,0.2432504600913022,1000.0,8114.958639543367,0.5,0.5,0.01,0.02048,2,plane_stress,perfect_bonding,1.0,1.0,0.18589050765600557,0.18567314207846577,0.0002173655775397909,5714,0.010000000000000005,-0.003124081876366365,12.80330669360844,-1.1105005803813136e-13,1280.3306693608433,0.3124081876366363,2.1132752549006275,18.319057606740074,16.78159052305515,17.939759806257292,4,True,True,True,True,True,True,True
M4PB_035,success,19d49a23916726686125f516121344ef3832b211b8eb1b7e08992779174090f0,0.01897207236128586,0.0736066511203795,0.7109835752214978,0.1623460961575139,0.05474301809032147,3.324919720166831,0.3421967150442996,0.1824692192315028,0.1320047114980652,1000.0,3324.919720166831,0.5,0.5,0.01,0.02048,2,plane_stress,perfect_bonding,1.0,1.0,0.05474301809032148,0.05452899554541413,0.00021402254490734962,5712,0.00999999999999999,-0.0033766494097449435,10.519486037270608,-6.905934157863667e-14,1051.948603727062,0.3376649409744947,3.7087917511498185,13.807955341000715,13.437934188982616,13.819926262681609,4,True,True,True,True,True,True,True
M4PB_036,success,2a2b09d49812544d054c4c4d51550d5fee8459821dab46bc53b0ba7a7151e491,0.3882151460829126,0.9271423459893585,0.939489117276752,0.6176698703198683,0.1470537865207281,18.68856222780845,0.3878978234553504,0.2735339740639736,0.2163531235048582,1000.0,18688.56222780846,0.5,0.5,0.01,0.02048,2,plane_stress,perfect_bonding,1.0,1.0,0.14705378652072812,0.14683833770015972,0.00021544882056839798,5720,0.009999999999999986,-0.0038255092679154524,12.414029210936091,8.436099041553284e-13,1241.4029210936108,0.38255092679154573,0.6156374176598265,18.382167331964567,16.27651158483429,17.782375406979504,4,True,True,True,True,True,True,True
M4PB_037,success,0132e83e2693bf60656d3da725f794bc98a94f362b20bd2b17afbd8d71844e8f,0.6351518337049078,0.973593595890625,0.8622568878216791,0.9351668558672991,0.2087879584262269,19.52468472603125,0.3724513775643358,0.3370333711734598,0.2577969574746729,1000.0,19524.68472603125,0.5,0.5,0.01,0.02048,2,plane_stress,perfect_bonding,1.0,1.0,0.2087879584262269,0.20857337310445104,0.00021458532177587308,5762,0.010000000000000012,-0.0036784404240041047,13.745516184480525,2.648090080548118e-13,1374.551618448051,0.36784404240041,0.9951033911535958,20.576041776838576,17.93238762239379,19.94339394541874,4,True,True,True,True,True,True,True
M4PB_038,success,00fff8f0925ea5c880f11a5844b6ac47782f584ae9f4b586f1f7e9b0aeea1232,0.5541018685573206,0.06335804022520011,0.3067543296848271,0.7524680978802183,0.1885254671393302,3.140444724053602,0.2613508659369654,0.3004936195760436,0.2449684061014117,1000.0,3140.444724053602,0.5,0.5,0.01,0.02048,2,plane_stress,perfect_bonding,1.0,1.0,0.18852546713933022,0.18831078154285916,0.00021468559647105923,5748,0.009999999999999986,-0.0026902399073236113,11.913254736377192,-6.139533326177116e-14,1191.325473637721,0.2690239907323615,4.720355650316533,15.572569506793807,14.572368807989818,15.388279001971116,4,True,True,True,True,True,True,True
M4PB_039,success,744ca7892c42261f0be91585633b993643e7b683b5e859b33e23034fcfaf88a8,0.3750028546582885,0.09157522623529048,0.09204862145517025,0.01770560794548741,0.1437507136645721,3.648354072235229,0.2184097242910341,0.1535411215890975,0.213909497931739,1000.0,3648.354072235229,0.5,0.5,0.01,0.02048,2,plane_stress,perfect_bonding,1.0,1.0,0.14375071366457218,0.1435336766424078,0.0002170370221643847,5676,0.009999999999999941,-0.002187057245668403,11.544459060244373,-1.9292206721033224e-13,1154.445906024444,0.21870572456684156,4.082503713678621,15.339439433909174,14.518284714453255,15.186977198386286,4,True,True,True,True,True,True,True
M4PB_040,success,cff127a19e75b09484d5d0c260a6f941b3465b951753f5835d557c46d3b32084,0.2240733892934439,0.5589145768648617,0.07104334284648171,0.8640615656407246,0.106018347323361,12.06046238356751,0.2142086685692964,0.3228123131281449,0.1837027165555606,1000.0,12060.46238356751,0.5,0.5,0.01,0.02048,2,plane_stress,perfect_bonding,1.0,1.0,0.10601834732336105,0.10580377389181404,0.00021457343154700215,5718,0.01000000000000006,-0.0022441892317699836,11.587534433434287,3.638617185330881e-13,1158.7534433434218,0.22441892317699702,1.4176815150026811,16.900404707901625,16.344887239350268,16.814710663536257,4,True,True,True,True,True,True,True
M4PB_041,success,9960400b73d89d8f66a2a0c90fc979c459a2b314f52b128e44af0d2ff5d76e13,0.4033763522915264,0.2604923427609764,0.6391659803810019,0.8375619524104955,0.1508440880728816,6.688862169697575,0.3278331960762004,0.3175123904820991,0.2191236283607421,1000.0,6688.862169697574,0.5,0.5,0.01,0.02048,2,plane_stress,perfect_bonding,1.0,1.0,0.15084408807288152,0.15062953558311884,0.0002145524897626816,5730,0.010000000000000007,-0.0032836270756215922,12.07573633016489,1.183775300006572e-14,1207.5736330164882,0.32836270756215896,2.352241922182891,16.9731226567563,15.780175035913814,16.6303965117435,4,True,True,True,True,True,True,True
M4PB_042,success,85408a11b1ab99d961e8b9ee7fba7ebf73836446da53674d48e9a7132922443a,0.3089665187610616,0.0428156247367335,0.5254338003806248,0.5679412320989484,0.1272416296902654,2.770681245261203,0.305086760076125,0.2635882464197897,0.2012517544384357,1000.0,2770.681245261203,0.5,0.5,0.01,0.02048,2,plane_stress,perfect_bonding,1.0,1.0,0.12724162969026542,0.12702394328177216,0.0002176864084932617,5688,0.00999999999999997,-0.0030285776203798622,11.121005431879272,-4.274098436285456e-14,1112.1005431879305,0.3028577620379871,4.838992422922689,14.20363194298233,13.658085706731462,14.003493700541657,4,True,True,True,True,True,True,True
M4PB_043,success,378966e7fb423d941f560a351aeba2ed2e8c10c96b888287572ae35bc9eca467,0.4242821216692387,0.8015107359430782,0.03330975570579089,0.5890165313444878,0.1560705304173097,16.42719324697541,0.2066619511411582,0.2678033062688975,0.2228873993158377,1000.0,16427.19324697541,0.5,0.5,0.01,0.02048,2,plane_stress,perfect_bonding,1.0,1.0,0.15607053041730967,0.15585492922908634,0.00021560118822333552,5730,0.010000000000000037,-0.0022093314062660127,12.586112681862403,-6.51201315093887e-13,1258.6112681862357,0.22093314062660047,1.2163808514930146,18.522225326351098,17.463970349345097,18.318510090695277,4,True,True,True,True,True,True,True
M4PB_044,success,9b3b078f8719ad7628fafd957b262e7a774a09eba3330396b90bebe6616df818,0.342384733631191,0.5281373585201387,0.6222968903907184,0.2593112973173234,0.1355961834077978,11.5064724533625,0.3244593780781437,0.2018622594634647,0.2077537140642557,1000.0,11506.4724533625,0.5,0.5,0.01,0.02048,2,plane_stress,perfect_bonding,1.0,1.0,0.13559618340779778,0.13537846923137486,0.0002177141764229118,5692,0.010000000000000042,-0.003226463119215951,12.060580470062044,-3.5117568575326966e-13,1206.0580470061993,0.32264631192159376,1.368576767712476,17.43810871678324,16.3524501548724,17.07685058345826,4,True,True,True,True,True,True,True
M4PB_045,success,65d5e4ba10ea9b2abd0c0063d3d76b167957ede1ac42401faa777be6a3c4285e,0.04837995412211044,0.3605275339151842,0.1799919915902515,0.7998298251486099,0.06209498853052761,8.489495610473316,0.2359983983180503,0.309965965029722,0.1405896466022162,1000.0,8489.495610473316,0.5,0.5,0.01,0.02048,2,plane_stress,perfect_bonding,1.0,1.0,0.06209498853052764,0.06188416607243023,0.00021082245809740663,5764,0.00999999999999996,-0.0024060771667961775,10.831280070249143,-1.0756673329836972e-13,1083.1280070249186,0.2406077166796187,1.8627114757021166,15.618967518076442,15.174931626792514,15.728957300674958,4,True,True,True,True,True,True,True
M4PB_046,success,a232fe29d71502311feee89b2f2d9139af11018f845da217dd9efabeff03a1b5,0.6708691167368348,0.2741160055439283,0.2011197444803143,0.5615888151993406,0.2177172791842087,6.93408809979071,0.2402239488960629,0.2623177630398681,0.2632518990574808,1000.0,6934.08809979071,0.5,0.5,0.01,0.02048,2,plane_stress,perfect_bonding,1.0,1.0,0.21771727918420872,0.21749900584848397,0.0002182733357247446,5692,0.010000000000000031,-0.002505968458996675,13.287039505055434,6.342149028171219e-15,1328.7039505055393,0.25059684589966674,2.6277957443033566,18.842512613380958,17.209265318674685,18.6218472860616,4,True,True,True,True,True,True,True
M4PB_047,success,885ae1defe1010054996d12599b6bb9737460cc624e035cc679ba8ca899c7121,0.9138853898003088,0.859604781404227,0.5110739384464584,0.01353024016450612,0.2784713474500772,17.47288606527609,0.3022147876892917,0.1527060480329012,0.2977250122382749,1000.0,17472.88606527608,0.5,0.5,0.01,0.02048,2,plane_stress,perfect_bonding,1.0,1.0,0.27847134745007734,0.278254920138915,0.00021642731116233715,5740,0.01000000000000002,-0.0029854919721061263,15.485963955574853,-5.398945179813111e-13,1548.5963955574823,0.29854919721061207,1.4744427338648616,23.523644882824872,19.483288747711317,22.880428411040874,4,True,True,True,True,True,True,True
M4PB_048,success,2d712db39e3490f27941cef56c7d9c8cc3e3d5d91d614b6e9e3ad72a7e5564b6,0.5069787156312345,0.1696153936562984,0.1912807790938453,0.7216995462479684,0.1767446789078086,5.053077085813371,0.2382561558187691,0.2943399092495936,0.2371910171712563,1000.0,5053.077085813371,0.5,0.5,0.01,0.02048,2,plane_stress,perfect_bonding,1.0,1.0,0.17674467890780862,0.17652653241007996,0.00021814649772866623,5702,0.01000000000000001,-0.0024898330321522187,12.28899445672509,1.259686799315316e-13,1228.8994456725077,0.2489833032152216,3.2407583608046893,16.953803496155306,15.94676443713232,16.74782794096261,4,True,True,True,True,True,True,True
M4PB_049,success,a083c524b55d29879fd24fdcbe0f591422da3fe276466c2ca2b15bed5ca956ac,0.568280197231098,0.713883528828131,0.651542245250932,0.2141482701642745,0.1920700493077745,14.84990351890636,0.3303084490501864,0.1928296540328549,0.2472605822497245,1000.0,14849.90351890636,0.5,0.5,0.01,0.02048,2,plane_stress,perfect_bonding,1.0,1.0,0.19207004930777452,0.19185132727660573,0.0002187220311687943,5690,0.009999999999999993,-0.003271064153616156,13.256560459449132,9.394340774043764e-15,1325.656045944914,0.32710641536161583,1.262871296311401,19.548848105609128,17.56850854589054,19.01905514082734,4,True,True,True,True,True,True,True
M4PB_050,success,9fa1026c18a0024ec36f88753d7a8245d2daf4562500fd9a56a3618d60148869,0.06528548176286877,0.6831838003892622,0.3772159512745137,0.7071584095816311,0.0663213704407172,14.29730840700672,0.2754431902549028,0.2914316819163262,0.1452953814700857,1000.0,14297.30840700672,0.5,0.5,0.01,0.02048,2,plane_stress,perfect_bonding,1.0,1.0,0.06632137044071723,0.06610608552518696,0.00021528491553027274,5706,0.009999999999999993,-0.0027817623653765638,10.96203603331174,2.9571831094976565e-13,1096.2036033311747,0.27817623653765655,0.9835392443981442,16.051876407912616,15.589804651322096,16.243581902473835,4,True,True,True,True,True,True,True
M4PB_051,success,b35efe7fc3626ab55375e933cfc3e72ce15d89eb565b8eb650bb3351e6a6223a,0.8931466164003473,0.771908092218666,0.1189331333178914,0.9065273456381368,0.2732866541000868,15.89434565993599,0.2237866266635783,0.3313054691276273,0.2949404071370141,1000.0,15894.34565993599,0.5,0.5,0.01,0.02048,2,plane_stress,perfect_bonding,1.0,1.0,0.2732866541000869,0.2730695637080338,0.00021709039205308756,5740,0.009999999999999957,-0.002434251095837044,15.304402349374636,-9.076073226310631e-15,1530.4402349374702,0.24342510958370547,1.529852841162445,23.01749799408133,19.711614612077014,22.54769509313315,4,True,True,True,True,True,True,True
M4PB_052,success,4ca84a4591bb7f664f2e921f5d16171967e6f7ce99541d42e53eea82c8e6eba0,0.07965431647413207,0.4977743534722319,0.4627547967597922,0.6085434058039377,0.06991357911853302,10.95993836250017,0.2925509593519585,0.2717086811607875,0.1491783610713085,1000.0,10959.93836250018,0.5,0.5,0.01,0.02048,2,plane_stress,perfect_bonding,1.0,1.0,0.06991357911853302,0.06969638442221682,0.00021719469631620303,5692,0.009999999999999981,-0.00294093891502199,10.980572373634773,-7.615436059538167e-14,1098.0572373634793,0.29409389150219956,1.2453819109054975,15.848617455302435,15.4034799000517,15.97633949511646,4,True,True,True,True,True,True,True
M4PB_053,success,7b3961756aa549c1f8b177f7b52539155b39033b9cec62af115bc77ce8e32908,0.7927727016870548,0.6461022529663999,0.05204462739234068,0.4310646552952893,0.2481931754217637,13.6298405533952,0.2104089254784682,0.2362129310590578,0.2810735516196698,1000.0,13629.8405533952,0.5,0.5,0.01,0.02048,2,plane_stress,perfect_bonding,1.0,1.0,0.24819317542176367,0.2479774772042631,0.0002156982175005595,5758,0.01,-0.002274904350433593,14.541194773324106,2.880751193146121e-13,1454.1194773324105,0.2274904350433593,1.6499859813762827,21.54507973077652,18.937024664132174,21.188352418929362,4,True,True,True,True,True,True,True
M4PB_054,success,ebcde1a9a26b0c9f492d1d941852f3370a07f6b45b64afc1789d7df06874a62f,0.6982758336198298,0.4191895774233821,0.01415676050101787,0.1191226228805859,0.2245689584049574,9.545412393620879,0.2028313521002036,0.1738245245761172,0.2673621506314879,1000.0,9545.412393620878,0.5,0.5,0.01,0.02048,2,plane_stress,perfect_bonding,1.0,1.0,0.22456895840495741,0.22435453233491795,0.000214426070039464,5748,0.010000000000000018,-0.0021573865543143005,13.7246513232764,1.1235457009206607e-13,1372.4651323276375,0.21573865543142967,2.0949397032390755,19.940566908174127,17.981973046234803,19.624879567653576,4,True,True,True,True,True,True,True
M4PB_055,success,d9c18f43b2702898618db38920df6f0820806a7d854ca3faa7833d1cc38c01b8,0.5874976249120148,0.9023949574636762,0.6868348357009938,0.3677780663298365,0.1968744062280037,18.24310923434617,0.3373669671401988,0.2235556132659673,0.2503339166771799,1000.0,18243.10923434617,0.5,0.5,0.01,0.02048,2,plane_stress,perfect_bonding,1.0,1.0,0.19687440622800378,0.19665599663577354,0.0002184095922302398,5678,0.010000000000000031,-0.0033467569396843423,13.444043249713546,-4.631650965536426e-13,1344.4043249713504,0.33467569396843316,1.0215537506083028,20.005183627523632,17.721946522997577,19.450429910258745,4,True,True,True,True,True,True,True
M4PB_056,success,576d2594db8ca2857e4326387b4a397ee801d00e5d567368d4e912d7afa2a37f,0.4344251756976319,0.2185879725588435,0.3887847492692362,0.3349074285472235,0.158606293924408,5.934583506059182,0.2777569498538472,0.2169814857094447,0.2246907905703106,1000.0,5934.583506059182,0.5,0.5,0.01,0.02048,2,plane_stress,perfect_bonding,1.0,1.0,0.15860629392440806,0.15838718974542906,0.00021910417897899603,5672,0.009999999999999995,-0.0027846162543490884,12.124801794493589,2.107272689677584e-13,1212.4801794493594,0.278461625434909,2.709836804545188,16.92261115449858,15.880448557591837,16.61866588347879,4,True,True,True,True,True,True,True
M4PB_057,success,d1acd4f8d4696f1e2159386fd3ede282688c9c96896fd085bcb8d660a0cf32d4,0.866480243860726,0.5344442910977356,0.4918117958004606,0.332027341852125,0.2666200609651815,11.61999723975924,0.2983623591600921,0.216405468370425,0.2913207875523857,1000.0,11619.99723975924,0.5,0.5,0.01,0.02048,2,plane_stress,perfect_bonding,1.0,1.0,0.2666200609651815,0.26640353476461365,0.00021652620056783478,5748,0.010000000000000007,-0.002969652961978651,14.839375823820028,-6.739019065005178e-13,1483.9375823820017,0.2969652961978649,1.865572575141222,22.058218757973442,18.655671311375016,21.493326287716187,4,True,True,True,True,True,True,True
M4PB_058,success,f0b28f63b7b3fdd5bc223108e9dacb1b0ae5e403c55855c808beacf09aa57f4e,0.7670286626200543,0.8687786395994539,0.5353438625165086,0.8024032568840538,0.2417571656550136,17.63801551279017,0.3070687725033017,0.3104806513768107,0.2774052917371318,1000.0,17638.01551279017,0.5,0.5,0.01,0.02048,2,plane_stress,perfect_bonding,1.0,1.0,0.2417571656550136,0.24154214755026943,0.00021501810474416905,5748,0.010000000000000016,-0.0031024798162826842,14.501776732602474,3.440234208618159e-13,1450.1776732602452,0.31024798162826794,1.2848605410896985,21.74329819551218,18.665470654280316,21.19697566360818,4,True,True,True,True,True,True,True
M4PB_059,success,b8a0b1f93505d48abe0d3854fc8f972bc332d6fcda4fb6f41aa8ac2af851a24e,0.1420566424903351,0.1236301149551338,0.826142480153414,0.8906877665297279,0.08551416062258377,4.225342069192409,0.3652284960306828,0.3281375533059456,0.1649848560773898,1000.0,4225.342069192408,0.5,0.5,0.01,0.02048,2,plane_stress,perfect_bonding,1.0,1.0,0.08551416062258374,0.08529800000343608,0.00021616061914765672,5704,0.010000000000000014,-0.0036326615801658517,10.937828107768537,-5.810629755131927e-14,1093.782810776852,0.3632661580165847,3.058692210703973,14.759991719628374,14.20632293886811,14.560240243103513,4,True,True,True,True,True,True,True
M4PB_060,success,bed574a0eca43c56ab7691a32c1d979c68a72a8da0f81d93488e9c3c05339493,0.9722182594387518,0.5678794899106318,0.9807886647072553,0.3095153989711959,0.2930545648596879,12.22183081839137,0.3961577329414511,0.2119030797942392,0.30542129131108,1000.0,12221.83081839137,0.5,0.5,0.01,0.02048,2,plane_stress,perfect_bonding,1.0,1.0,0.29305456485968795,0.29283639022876146,0.00021817463092649314,5738,0.010000000000000004,-0.0037479927107798255,15.625150974961855,6.895040094434524e-13,1562.5150974961848,0.3747992710779824,1.8485859896861578,23.900702239648368,19.124635402449368,22.926211069436953,4,True,True,True,True,True,True,True
